problem,algorithm,best,median,mean,std,worst,feas_rate,mean_gap
CantileverBeam,AOA,1.3403911578599912,1.343349583490849,1.3449152745640744,0.004405999836973164,1.3584173169408957,1.0,0.0036998742080156543
CantileverBeam,CMAES,1.3399563566965391,1.3399563575501658,1.339956357467058,4.5850218420319344e-10,1.339956358598834,1.0,0.0
CantileverBeam,DE,1.3399712581871317,1.340027720837639,1.340037433340815,6.103801481206445e-05,1.3402405933342134,1.0,5.957900519751184e-05
CantileverBeam,GWO,1.3400076182504512,1.3400740502533255,1.3401131067712526,0.0001104423284025703,1.3404040637176478,1.0,0.00011605350143368739
CantileverBeam,HHO,1.3584223737344523,1.4673773558654435,1.5573269861266688,0.19592450080563972,2.0760049963914717,1.0,0.16222109276194158
CantileverBeam,LSHADE,1.3399563561864867,1.3399563565884833,1.3399563580950078,5.457474078132277e-09,1.3399563837324575,1.0,0.0
CantileverBeam,PSO,1.3399589120654853,1.3399864477235566,1.3400048640006248,5.51357284589586e-05,1.3401682498182463,1.0,3.5272758350534865e-05
CantileverBeam,RS,2.2465940702353637,3.20179230410801,3.112058834810293,0.4048437832223449,3.970803189070152,1.0,1.3225054545086303
CantileverBeam,SCA,1.3669750115237584,1.3981498214794503,1.4035150167668216,0.021732035486113653,1.450630127467715,1.0,0.047432408881311894
CantileverBeam,SSA,1.3399660061566638,1.3400055678271434,1.3400331058832473,0.00010113369745676282,1.34046255469247,1.0,5.634945706286522e-05
CantileverBeam,WOA,1.3399943260832832,1.340133758044185,1.340176446362931,0.00013236028347777428,1.3404654812658656,1.0,0.00016332334913520972
DiscBrake,AOA,0.08331503717320131,0.08331503717320131,0.0833150371732013,0.0,0.08331503717320131,1.0,0.0
DiscBrake,CMAES,0.08331503717320131,0.12497255575980196,0.11664105204248182,0.01700661074794631,0.12497255575980196,1.0,0.0
DiscBrake,DE,0.08331503717320131,0.08331503717320131,0.0833150371732013,0.0,0.08331503717320131,1.0,0.0
DiscBrake,GWO,0.08331503717320131,0.08331503717320131,0.0833150371732013,0.0,0.08331503717320131,1.0,0.0
DiscBrake,HHO,0.08331503717320131,0.12497255575980196,0.11957374135097851,0.02138835109284152,0.17697094072495878,1.0,0.0
DiscBrake,LSHADE,0.08331503717320131,0.08331503717320131,0.0833150371732013,0.0,0.08331503717320131,1.0,0.0
DiscBrake,PSO,0.08331503717320131,0.08331503717320131,0.09664544312091351,0.019832945833126798,0.12497255575980196,1.0,0.0
DiscBrake,RS,0.09218563818987746,0.11938554738465788,0.11667731858807487,0.01328705504739852,0.13666116538674816,1.0,0.0
DiscBrake,SCA,0.08331503717320131,0.08331503717320131,0.0833150371732013,0.0,0.08331503717320131,1.0,0.0
DiscBrake,SSA,0.08331503717320131,0.08331503717320131,0.0833150371732013,0.0,0.08331503717320131,1.0,0.0
DiscBrake,WOA,0.08331503717320131,0.08331503717320131,0.0833150371732013,0.0,0.08331503717320131,1.0,0.0
GearTrain,AOA,8.887614372714457e-10,2.3576406580248844e-09,6.631387131352363e-09,9.509406923614731e-09,2.7264505977152865e-08,1.0,10.0
GearTrain,CMAES,2.307815733312755e-11,9.74565344700916e-10,1.0508251909697728e-09,9.091056238461199e-10,3.2999231605492454e-09,1.0,9.705354096773412
GearTrain,DE,2.7008571488865134e-12,2.307815733312755e-11,2.9672051717407353e-10,4.2359382016912255e-10,1.3616491390639914e-09,1.0,8.421416387093645
GearTrain,GWO,2.7008571488865134e-12,8.887614372714457e-10,7.671141188731534e-10,7.438777523054359e-10,2.3576406580248844e-09,1.0,8.912492892471292
GearTrain,HHO,2.307815733312755e-11,2.3576406580248844e-09,0.00010978221527817623,0.0005488857032559839,0.0027444335907090608,1.0,9.901784698924471
GearTrain,LSHADE,2.7008571488865134e-12,2.7008571488865134e-12,1.692392313658378e-11,3.037220561652558e-11,1.5450450499890773e-10,1.0,3.417846989244704
GearTrain,PSO,2.7008571488865134e-12,1.1661157678109714e-10,1.267792592398341e-09,3.631285502489672e-09,1.8273802352995788e-08,1.0,7.312492892471292
GearTrain,RS,2.7008571488865134e-12,1.0474505705788363e-08,2.1483239323966383e-08,2.9622820883786616e-08,1.4044751420331348e-07,1.0,9.10178469892447
GearTrain,SCA,2.7008571488865134e-12,2.3576406580248844e-09,2.2571050122450093e-09,1.995526997775964e-09,8.700833999836797e-09,1.0,9.10178469892447
GearTrain,SSA,9.939875595217474e-11,2.3576406580248844e-09,5.993041434562287e-09,8.227938231108208e-09,2.7264505977152865e-08,1.0,10.0
GearTrain,WOA,2.7008571488865134e-12,9.921579583985335e-10,1.0918551388350785e-09,7.854697525367262e-10,2.3576406580248844e-09,1.0,9.501784698924471
IBeamDeflection,AOA,0.013074476876363027,0.013076896271006899,0.013078492710296898,7.544294797751819e-06,0.013113371967869492,1.0,0.0003359856737288364
IBeamDeflection,CMAES,0.013074119059188007,0.013074133001139712,0.0130741460406988,2.6583659817834863e-08,0.01307422255089621,1.0,3.5215195539347497e-06
IBeamDeflection,DE,0.013074118904744294,0.013074118904801669,0.013074118904815716,4.505272616250129e-14,0.013074118904921299,1.0,1.4459745388109618e-06
IBeamDeflection,GWO,0.013074193323289698,0.013074738510401286,0.01307482426330771,6.195186711983304e-07,0.01307672143565295,1.0,5.539680036931162e-05
IBeamDeflection,HHO,0.013074118904783182,0.013079972917112343,0.013383713653526695,0.0005209634245650547,0.015432195322809698,1.0,0.02368145061814531
IBeamDeflection,LSHADE,0.013074118904770773,0.01307411890489737,0.013074118904903415,8.059867525253432e-14,0.013074118905115025,1.0,1.4459812465640847e-06
IBeamDeflection,PSO,0.013074118904738667,0.013074118904805476,0.013092585606769418,5.537216017775646e-05,0.013335111403725083,1.0,0.0014139104618611214
IBeamDeflection,RS,0.01354141887132294,0.014402892657381755,0.014518963640790045,0.0005505854462629194,0.01574953739752597,1.0,0.11051343043039637
IBeamDeflection,SCA,0.013074578435099899,0.013130216543600597,0.013144334542584386,6.761571327294094e-05,0.01330656682010761,1.0,0.0053720365137474345
IBeamDeflection,SSA,0.013075176576564934,0.013091051320406976,0.013102801136757929,3.001300830555578e-05,0.013199481397889904,1.0,0.00219526673024746
IBeamDeflection,WOA,0.013074118951718132,0.013074119285846906,0.013074119938755489,1.990427935876865e-09,0.013074128509064087,1.0,1.5250575939846943e-06
PressureVessel,AOA,6116.1701755096965,6438.03152079505,6810.928662570044,967.1561098033882,9904.578924504838,1.0,0.12396860413553552
PressureVessel,CMAES,6059.714280338753,6090.52616184904,6178.583384792766,145.69678597882964,6410.086727744654,1.0,0.019616281031816993
PressureVessel,DE,6059.714282166426,6059.71430082751,6059.714321194732,5.14661652027648e-05,6059.714467699121,1.0,2.482215224787623e-09
PressureVessel,GWO,6060.499746740323,6064.691830601239,6203.668984935013,315.6197545630298,7363.787791563613,1.0,0.023756012573654478
PressureVessel,HHO,6191.794238250053,7057.652327853224,7165.2685212808055,677.7536353983514,9362.136403764138,1.0,0.18244328447882288
PressureVessel,LSHADE,6059.714277189576,6059.71429742166,6062.179245149582,8.531421047409518,6090.526167795709,1.0,0.0004067760387237851
PressureVessel,PSO,6059.714303420235,6410.086743776631,6464.44924547433,421.56086273076977,7332.842596797931,1.0,0.06679108788692979
PressureVessel,RS,6793.168747941216,9022.827250812987,8865.963009676148,1200.3804359772262,11173.676343716063,1.0,0.463099169290486
PressureVessel,SCA,6715.557274233626,7774.598500716816,7690.291668783886,733.3682600413989,9187.633689759454,1.0,0.26908485180001246
PressureVessel,SSA,6091.316405908028,6499.2701172440775,6536.918998744098,308.0954656544036,7301.555226908041,1.0,0.07875035642981319
PressureVessel,WOA,6059.950465953576,6412.44355772591,6652.865040719068,593.2173524380761,7544.584565361957,1.0,0.09788426861859124
SpeedReducer,AOA,3029.0277705594076,3183.8163336490247,3163.7856654367865,74.73962328784506,3314.2044005891603,1.0,0.05655884847692753
SpeedReducer,CMAES,2994.471059403027,2994.471062944993,2994.471062613464,1.541464057720134e-06,2994.471065249165,1.0,1.556119180694734e-05
SpeedReducer,DE,3037.5755928383046,3085.68699609256,3121.0257904250293,106.250505447453,3431.507684492971,1.0,0.04227901757782569
SpeedReducer,GWO,3005.921619541941,3125.0244111847187,3125.309462022777,65.03367546631334,3208.34000605048,1.0,0.04370956680245059
SpeedReducer,HHO,3027.145349048998,4335.09344005533,4302.091676192136,772.1626471792081,5414.266013434368,1.0,0.4367006833290671
SpeedReducer,LSHADE,2994.4710633287855,3117.719316612213,3120.654867754023,116.28437027673789,3464.6666140972807,1.0,0.042155146471627415
SpeedReducer,PSO,3024.7871116594974,3390.1542624988365,3547.089977480844,424.77682532461705,4311.2160781811735,1.0,0.18456485311049328
SpeedReducer,RS,3023.6619068410946,3190.771731242365,3240.3300316665072,141.41500094674325,3613.486980947545,1.0,0.08212114503973991
SpeedReducer,SCA,3055.1116500743533,3117.0184727373935,3121.3301235996955,42.63939430774826,3218.725714344806,1.0,0.0423806508559871
SpeedReducer,SSA,3100.699665716575,3363.87337961336,3310.394912943585,86.93879351115326,3363.87337961336,1.0,0.10551959174537728
SpeedReducer,WOA,2995.2504419892757,3091.891616462054,3099.5195038364204,52.308587767130426,3213.589260144697,1.0,0.035096907347884405
TensionSpring,AOA,0.013187872464300492,0.013195524956824736,0.0215255221463421,0.009292587838004731,0.04297423348838971,1.0,0.699606959837513
TensionSpring,CMAES,0.012665234723663696,0.012666733162420217,0.01266718061037046,2.603915750597396e-06,0.012678363400461532,1.0,0.00017217610505007537
TensionSpring,DE,0.01266523263669619,0.01266523287965961,0.012665234215890425,5.089362954093954e-09,0.012665258274828457,1.0,1.8493161502125906e-05
TensionSpring,GWO,0.012682526300356335,0.012740181518476619,0.012792056798418043,0.00020481689461000538,0.013752287139936353,1.0,0.010032119890883888
TensionSpring,HHO,0.012684683754764755,0.013303161560304174,0.013801778622600512,0.001326415843339535,0.018258595090516794,1.0,0.08975749092779414
TensionSpring,LSHADE,0.012665232602617715,0.01266523289302388,0.012665249458274437,5.361916822975992e-08,0.012665493686441365,1.0,1.9696665964250366e-05
TensionSpring,PSO,0.01266768333297772,0.012930310582414452,0.013390000251324839,0.0010651901485524765,0.016250214757373385,1.0,0.057244394103816834
TensionSpring,RS,0.013336719879580617,0.017531337095521588,0.017209239243238715,0.002050930205189057,0.02113440225208448,1.0,0.3588029406426147
TensionSpring,SCA,0.012877491671467747,0.013193407007026283,0.013415657063379183,0.000704035252697719,0.015299768070596178,1.0,0.059270198450784385
TensionSpring,SSA,0.01285168544837154,0.013810156874984412,0.01666227085547877,0.005766835238807951,0.035851753868133315,1.0,0.31561554326717506
TensionSpring,WOA,0.012680286432577865,0.013309734430646616,0.013506671695334116,0.000876216029244078,0.01602605439807241,1.0,0.06645650969870645
ThreeBarTruss,AOA,263.90339872770375,282.842713474619,274.5541965943383,8.905812498741303,282.842713474619,1.0,0.04038848455139516
ThreeBarTruss,CMAES,263.8958420645142,263.8958421641479,263.89584217906764,9.504467702336733e-08,263.89584246134035,1.0,0.0
ThreeBarTruss,DE,263.89584205704443,263.89584207352294,263.89584208026236,2.7394403667113408e-08,263.89584218905867,1.0,0.0
ThreeBarTruss,GWO,263.8969333387823,263.90135826832744,263.90321559105485,0.005979761674076631,263.920790364697,1.0,2.793598777399552e-05
ThreeBarTruss,HHO,263.8959863454473,263.9721803025269,264.07075542184094,0.2192066401702309,264.62632551558755,1.0,0.0006628070362436713
ThreeBarTruss,LSHADE,263.89584205713146,263.8958420873918,263.8958420879806,2.052241128639676e-08,263.895842136654,1.0,0.0
ThreeBarTruss,PSO,263.8958423033733,263.8960325596051,263.8967037089589,0.0013869766786241769,263.90144501713803,1.0,3.2601984665235103e-06
ThreeBarTruss,RS,263.90804232121104,264.11258854486664,264.10634098904995,0.12284986967107077,264.5593616837901,1.0,0.000797654052970103
ThreeBarTruss,SCA,263.91076920055764,264.0623539736009,264.1064419842945,0.1505548603675627,264.5871460550077,1.0,0.0007980367617058021
ThreeBarTruss,SSA,263.8958442890244,263.89666029712686,263.89860305222965,0.0041725605551395225,263.91275017917945,1.0,1.0457353909367681e-05
ThreeBarTruss,WOA,263.89587686136167,263.89787055908255,263.9009031319772,0.006991415926275082,263.9220591263691,1.0,1.9173215887127125e-05
WeldedBeam,AOA,1.8306169917150927,2.356387520941666,2.3511441857005546,0.33304456931445403,3.158548544512241,1.0,0.3630990865886203
WeldedBeam,CMAES,1.7248523023192115,1.7248523084288339,1.7248523074567705,1.90598646384318e-09,1.7248523085968026,1.0,1.7825110246281446e-07
WeldedBeam,DE,1.7248559878537761,1.7248869007848102,1.7720137055767855,0.11240623703095415,2.161416499156774,1.0,0.027342465079198332
WeldedBeam,GWO,1.7265439023889173,1.7289126030190531,1.8041869493538474,0.2572505930615481,2.7390479733160498,1.0,0.04599522124440086
WeldedBeam,HHO,1.7427090282793334,2.5521275126486107,3.0306543515621582,1.064966169625434,4.767311155055253,1.0,0.7570518233229042
WeldedBeam,LSHADE,1.7248523032174123,1.7248523086073417,1.7348036773324558,0.04975683992718557,1.973636508982946,1.0,0.00576958332219552
WeldedBeam,PSO,1.7248523157628481,1.8826408597817892,2.091468007729892,0.5442747922014386,3.550317852477952,1.0,0.21254925508385192
WeldedBeam,RS,1.8555865482922143,2.211761979315378,2.2336829434307583,0.20933496783146166,2.604741551822574,1.0,0.29499977008506134
WeldedBeam,SCA,1.804302385444304,1.9303201782264,2.038259525390728,0.3909459654006282,3.7404389571260213,1.0,0.1817011113943271
WeldedBeam,SSA,1.7961528141921859,2.239828888944236,2.4261538751586986,0.5440357905078108,4.108204505424735,1.0,0.40658669564617644
WeldedBeam,WOA,1.7254081725670494,1.7318846137368995,2.0138768005346512,0.65969155734882,4.2660602181828935,1.0,0.16756498559566332
